{
	"swagger": "2.0",
	"info": {
		"description": "Api Documentation",
		"version": "1.0",
		"title": "Api Documentation",
		"termsOfService": "urn:tos",
		"contact": {
			
		},
		"license": {
			"name": "Apache 2.0",
			"url": "http://www.apache.org/licenses/LICENSE-2.0"
		}
	},
	"host": "localhost:8080",
	"basePath": "/",
	"tags": [
		{
			"name": "air-india-rest-controller",
			"description": "Air India Rest Controller"
		}
	],
	"paths": {
		"/bookflightticket": {
			"post": {
				"tags": [
					"air-india-rest-controller"
				],
				"summary": "bookTicket",
				"operationId": "bookTicketUsingPOST",
				"consumes": [
					"application/xml",
					"application/json"
				],
				"produces": [
					"application/xml",
					"application/json"
				],
				"parameters": [
					{
						"in": "body",
						"name": "pinfo",
						"description": "pinfo",
						"required": true,
						"schema": {
							"$ref": "#/definitions/Passengerinfo"
						}
					}
				],
				"responses": {
					"200": {
						"description": "OK",
						"schema": {
							"$ref": "#/definitions/TicketInfo"
						}
					},
					"201": {
						"description": "Created"
					},
					"401": {
						"description": "Unauthorized"
					},
					"403": {
						"description": "Forbidden"
					},
					"404": {
						"description": "Not Found"
					}
				}
			}
		}
	},
	"definitions": {
		"TicketInfo": {
			"type": "object",
			"properties": {
				"dateofJourney": {
					"type": "string"
				},
				"flightId": {
					"type": "string"
				},
				"from": {
					"type": "string"
				},
				"name": {
					"type": "string"
				},
				"ticketPrice": {
					"type": "string"
				},
				"ticketStatus": {
					"type": "string"
				},
				"to": {
					"type": "string"
				}
			}
		},
		"Passengerinfo": {
			"type": "object",
			"properties": {
				"dateofJourney": {
					"type": "string"
				},
				"flightId": {
					"type": "string"
				},
				"fname": {
					"type": "string"
				},
				"from": {
					"type": "string"
				},
				"lname": {
					"type": "string"
				},
				"to": {
					"type": "string"
				}
			}
		}
	}
}